{
    "packages": [
        {
            "name": "paypal/paypal-checkout-sdk",
            "version": "1.0.1",
            "version_normalized": "1.0.1.0",
            "source": {
                "type": "git",
                "url": "https://github.com/paypal/Checkout-PHP-SDK.git",
                "reference": "ed6a55075448308b87a8b59dcb7fedf04a048cb1"
            },
            "dist": {
                "type": "zip",
                "url": "https://api.github.com/repos/paypal/Checkout-PHP-SDK/zipball/ed6a55075448308b87a8b59dcb7fedf04a048cb1",
                "reference": "ed6a55075448308b87a8b59dcb7fedf04a048cb1",
                "shasum": ""
            },
            "require": {
                "paypal/paypalhttp": "1.0.0"
            },
            "require-dev": {
                "phpunit/phpunit": "^5.7"
            },
            "time": "2019-11-07T23:16:44+00:00",
            "type": "library",
            "installation-source": "dist",
            "autoload": {
                "psr-4": {
                    "PayPalCheckoutSdk\\": "lib/PayPalCheckoutSdk",
                    "Sample\\": "samples/"
                }
            },
            "notification-url": "https://packagist.org/downloads/",
            "license": [
                "https://github.com/paypal/Checkout-PHP-SDK/blob/master/LICENSE"
            ],
            "authors": [
                {
                    "name": "PayPal",
                    "homepage": "https://github.com/paypal/Checkout-PHP-SDK/contributors"
                }
            ],
            "description": "PayPal's PHP SDK for Checkout REST APIs",
            "homepage": "http://github.com/paypal/Checkout-PHP-SDK/",
            "keywords": [
                "checkout",
                "orders",
                "payments",
                "paypal",
                "rest",
                "sdk"
            ],
            "support": {
                "issues": "https://github.com/paypal/Checkout-PHP-SDK/issues",
                "source": "https://github.com/paypal/Checkout-PHP-SDK/tree/1.0.1"
            },
            "install-path": "../paypal/paypal-checkout-sdk"
        },
        {
            "name": "paypal/paypalhttp",
            "version": "1.0.0",
            "version_normalized": "1.0.0.0",
            "source": {
                "type": "git",
                "url": "https://github.com/paypal/paypalhttp_php.git",
                "reference": "1ad9b846a046f09d6135cbf2cbaa7701bbc630a3"
            },
            "dist": {
                "type": "zip",
                "url": "https://api.github.com/repos/paypal/paypalhttp_php/zipball/1ad9b846a046f09d6135cbf2cbaa7701bbc630a3",
                "reference": "1ad9b846a046f09d6135cbf2cbaa7701bbc630a3",
                "shasum": ""
            },
            "require": {
                "ext-curl": "*"
            },
            "require-dev": {
                "phpunit/phpunit": "^5.7",
                "wiremock-php/wiremock-php": "1.43.2"
            },
            "time": "2019-11-06T21:27:12+00:00",
            "type": "library",
            "installation-source": "dist",
            "autoload": {
                "psr-4": {
                    "PayPalHttp\\": "lib/PayPalHttp"
                }
            },
            "notification-url": "https://packagist.org/downloads/",
            "license": [
                "MIT"
            ],
            "authors": [
                {
                    "name": "PayPal",
                    "homepage": "https://github.com/paypal/paypalhttp_php/contributors"
                }
            ],
            "support": {
                "issues": "https://github.com/paypal/paypalhttp_php/issues",
                "source": "https://github.com/paypal/paypalhttp_php/tree/1.0.0"
            },
            "install-path": "../paypal/paypalhttp"
        }
    ],
    "dev": true,
    "dev-package-names": []
}
